item_complex,Total_volume,Total_Money,Total_Best_Money,Money_percent
"['S5034', 'G1053', 'G1019', 'M1205', 'S5024', 'B1789', 'V9008', 'M1207', 'G1033', 'B1776', 'G1067', 'V9021', 'V9005', 'S5001', 'N6006', 'G1020', 'B1735', 'S5015', 'V9007', 'G1022', 'M1202', 'G1062', 'B1728', 'S5046', 'B1793', 'S5027', 'B1794', 'M1204', 'M1201', 'B1736', 'S5030', 'V9017', 'G1026', 'G1052', 'S5006', 'S5017', 'B1783', 'V9011', 'G1031', 'G1057', 'S5037', 'B1782', 'B1785', 'V9001', 'G1066', 'G1061', 'N6001', 'S5025', 'S5018', 'G1050', 'S5032', 'N6009', 'N6002', 'S5014', 'G1027', 'B1740', 'G1058', 'N6005', 'B1741', 'M1208', 'B1732', 'B1784', 'S5035', 'S5047', 'B1733', 'S5044', 'S5045', 'S5007', 'S5040', 'B1739', 'G1055', 'B1778', 'N6004', 'V9023', 'S5043', 'V9010', 'G1064', 'V9003', 'V9006', 'V9022', 'G1054', 'B1792', 'S5021']","(117706.99, 83766.49, 33940.5)",50232256890.0,63080923879.99999,0.7963145401224268
"['S5031', 'N6003', 'B1731', 'B1795', 'V9018', 'V9027', 'S5008', 'V9015', 'G1030', 'B1730', 'V9016', 'V9024', 'G1065', 'B1738', 'S5011', 'G1021', 'S5048', 'S5005', 'G1023', 'V9009', 'S5010', 'S5049', 'S5009', 'B1734', 'S5036', 'S5033', 'B1780', 'G1056', 'M1203', 'G1025', 'V9026', 'V9020', 'S5020', 'G1017', 'G1028', 'G1034', 'G1039', 'B1787', 'G1029', 'S5019', 'V9002', 'B1743', 'N6008', 'S5003', 'B1786', 'G1060', 'G1059', 'G1063', 'S5026', 'B1729', 'G1018', 'V9014', 'V9019', 'G1032', 'S5016', 'B1742', 'S5028', 'S5013']","(54553.43500000001, 21143.170000000002, 33410.265000000014)",22111009509.999996,28997485800.0,0.7625147111892023
"['S5023', 'B1788', 'B1779', 'S5041', 'S5012', 'V9004', 'B1727', 'S5050', 'S5002', 'B1790', 'S5039', 'S5022', 'N6007', 'S5029', 'S5042', 'M1206', 'V9025', 'B1777', 'S5004', 'V9012', 'G1068', 'V9013', 'B1791', 'B1737', 'S5038', 'G1024', 'B1781', 'G1051']","(25539.200000000004, 7346.58, 18192.620000000003)",11511783160.0,14037178920.0,0.82009235798784
