item_complex,Total_volume,Total_Money,Total_Best_Money,Money_percent
"['S5034', 'B1778', 'V9025', 'M1206', 'M1205', 'B1729', 'N6006', 'B1731', 'S5036', 'B1786', 'M1207', 'B1790', 'M1208', 'M1201', 'V9001', 'S5049', 'B1728', 'S5045', 'B1794', 'S5035', 'V9023', 'V9007', 'S5018', 'G1055', 'S5043', 'G1023', 'S5044', 'G1053', 'S5028', 'B1793', 'G1057', 'G1021', 'S5019', 'V9002', 'B1733', 'M1202', 'G1032', 'V9004', 'V9013', 'B1737', 'N6009', 'N6008', 'S5001', 'S5011', 'G1063', 'V9014', 'S5010', 'B1781', 'B1727', 'S5013', 'N6004', 'N6001', 'V9010', 'V9016', 'G1020', 'N6005', 'N6003', 'S5005', 'B1736', 'V9027', 'V9020', 'V9008', 'V9003', 'S5015', 'V9006', 'V9015', 'S5027', 'S5037', 'S5020', 'S5012', 'S5030', 'S5029', 'S5007', 'B1782', 'G1034', 'V9021', 'S5040', 'G1019', 'S5014', 'B1735', 'S5042', 'B1738', 'N6007', 'S5039', 'G1052', 'M1203', 'B1776', 'G1025', 'S5047', 'B1783', 'S5024', 'B1789', 'G1054', 'G1066', 'S5038', 'S5021', 'B1785', 'G1039', 'G1065', 'M1204', 'V9026', 'B1792', 'B1777']","(146623.11000000002, 104774.09, 41849.02000000002)",62740652940.0,78270026000.0,0.801592335487406
"['S5031', 'N6002', 'V9005', 'V9009', 'S5032', 'G1017', 'S5026', 'S5008', 'B1739', 'S5003', 'G1033', 'S5041', 'V9012', 'G1062', 'G1059', 'B1784', 'V9019', 'G1064', 'S5006', 'S5016', 'G1061', 'S5017', 'G1060', 'B1791', 'G1050', 'S5048', 'B1743', 'B1780', 'V9022', 'B1788', 'G1026', 'S5025', 'B1787', 'B1742', 'B1734', 'V9011', 'B1730', 'B1740', 'B1741']","(29639.980000000003, 7482.15, 22157.830000000005)",11313759450.0,15865787120.000002,0.7130915954203222
"['S5023', 'B1779', 'B1795', 'V9017', 'G1022', 'G1058', 'G1029', 'S5022', 'S5002', 'S5046', 'G1067', 'V9024', 'S5004', 'S5033', 'G1027', 'G1051', 'V9018', 'G1030', 'B1732', 'S5050', 'G1068', 'S5009', 'G1024', 'G1056', 'G1018', 'G1031', 'G1028']","(21536.534999999996, 0, 21536.534999999996)",9687625240.0,11979775480.0,0.8086650084697581
