item_complex,Total_volume,Total_Money,Total_Best_Money,Money_percent
"['S5034', 'S5032', 'B1743', 'B1787', 'B1779', 'S5046', 'G1060', 'V9002', 'M1207', 'V9027', 'S5043', 'S5035', 'B1788', 'G1061', 'V9024', 'G1031', 'B1731', 'B1791', 'B1792', 'S5016', 'B1794', 'V9019', 'S5039', 'S5013', 'S5037', 'S5025', 'N6004', 'G1033', 'N6002', 'G1020', 'G1019', 'G1021', 'V9008', 'B1733', 'M1208', 'N6003', 'V9021', 'B1728', 'B1732', 'G1054', 'B1790', 'V9005', 'V9006', 'V9023', 'B1776', 'N6009', 'M1201', 'B1730', 'B1734', 'M1205', 'V9020', 'B1784', 'G1030', 'M1206', 'S5027', 'S5042', 'G1051', 'G1058', 'G1029', 'S5047', 'B1738', 'V9010', 'M1203', 'S5001', 'V9017', 'V9015', 'B1739', 'B1742', 'G1057', 'G1027', 'G1059', 'N6007', 'S5036', 'V9007', 'G1053', 'B1783', 'V9009', 'S5045', 'B1782', 'B1736', 'N6005', 'G1034', 'M1204', 'S5044', 'V9018', 'M1202', 'G1062', 'G1024', 'S5050', 'N6006', 'G1018', 'G1028', 'S5004', 'B1786', 'S5024', 'N6008', 'N6001', 'S5022']","(136425.585, 95015.92499999999, 41409.66)",59580591450.0,73224356039.99998,0.8136717708716091
"['S5031', 'G1023', 'B1785', 'B1741', 'V9016', 'G1067', 'B1735', 'B1793', 'G1017', 'S5002', 'S5041', 'S5015', 'S5018', 'G1068', 'B1737', 'S5030', 'S5019', 'B1795', 'S5008', 'G1039', 'G1050', 'B1778', 'B1777', 'B1740', 'S5017', 'V9026', 'S5028', 'G1026', 'V9025', 'G1064', 'S5014', 'V9011', 'G1063', 'G1025', 'V9014', 'S5009', 'B1729', 'G1055', 'S5040', 'S5029', 'S5033', 'G1022']","(36369.8, 11408.705, 24961.095)",14239114690.000002,19329052320.0,0.7366690541401567
"['S5023', 'B1781', 'V9003', 'B1780', 'S5007', 'S5021', 'V9004', 'S5026', 'V9001', 'S5003', 'S5006', 'S5038', 'V9012', 'B1727', 'G1066', 'S5020', 'S5010', 'G1052', 'G1032', 'G1056', 'V9013', 'S5011', 'S5012', 'S5048', 'S5005', 'G1065', 'S5049', 'V9022', 'B1789']","(25004.239999999998, 5831.610000000001, 19172.629999999997)",10376386890.0,13562180239.999998,0.7650972562210987
