item_complex,Total_volume,Total_Money,Total_Best_Money,Money_percent
"['S5034', 'B1743', 'G1026', 'G1024', 'G1055', 'S5030', 'N6007', 'S5028', 'M1203', 'G1067', 'V9021', 'B1741', 'N6008', 'B1794', 'M1201', 'V9023', 'S5013', 'S5021', 'S5001', 'G1028', 'B1730', 'S5035', 'V9020', 'M1208', 'B1785', 'S5033', 'B1733', 'G1023', 'B1781', 'V9024', 'G1031', 'V9003', 'S5037', 'B1791', 'S5010', 'G1025', 'S5044', 'S5003', 'B1784', 'S5045', 'S5043', 'B1777', 'S5024', 'G1032', 'N6004', 'B1780', 'B1782', 'S5041', 'G1019', 'S5016', 'V9013', 'B1786', 'B1792', 'S5009', 'B1776', 'G1033', 'B1727', 'V9008', 'M1207', 'G1068', 'V9010', 'S5005', 'S5006', 'S5050', 'B1779', 'G1062', 'G1056', 'M1204', 'S5046', 'G1029', 'V9018', 'G1034', 'V9025', 'S5002', 'G1060', 'S5036', 'B1729', 'G1022', 'B1731', 'N6005', 'B1783', 'V9006', 'V9004', 'V9009', 'V9005', 'B1728', 'M1202', 'G1058', 'V9017', 'G1053', 'M1206', 'V9027', 'G1018', 'G1054', 'S5017', 'S5007', 'G1059', 'B1789', 'S5019', 'N6002', 'N6006']","(135412.71, 91493.09999999998, 43919.610000000015)",57951932140.0,72668236600.0,0.7974864239378007
"['S5031', 'V9001', 'S5012', 'V9015', 'S5029', 'N6001', 'N6009', 'B1793', 'B1795', 'S5022', 'B1736', 'M1205', 'S5004', 'G1017', 'V9022', 'B1778', 'S5039', 'S5042', 'G1064', 'B1788', 'S5038', 'B1787', 'V9011', 'V9012', 'B1737', 'S5014', 'G1066', 'V9007', 'G1050', 'S5047', 'G1061', 'B1732', 'B1734', 'S5032', 'B1735', 'V9026', 'B1790', 'B1742']","(40256.68000000001, 18589.370000000003, 21667.310000000005)",16611132450.000002,21306662440.0,0.7796215149499501
"['S5023', 'G1039', 'N6003', 'G1027', 'B1740', 'G1052', 'S5048', 'V9016', 'S5040', 'G1065', 'S5049', 'S5018', 'S5011', 'B1739', 'B1738', 'S5027', 'S5026', 'G1020', 'S5008', 'G1051', 'V9002', 'V9019', 'S5025', 'G1021', 'G1057', 'G1030', 'G1063', 'V9014', 'S5015', 'S5020']","(22130.235000000004, 2173.77, 19956.465000000004)",9354852820.0,12140689559.999998,0.7705371901462243
