item_complex,Total_volume,Total_Money,Total_Best_Money,Money_percent
"['S5034', 'M1203', 'G1033', 'B1776', 'B1730', 'B1731', 'B1778', 'N6008', 'S5026', 'B1785', 'G1052', 'S5042', 'V9024', 'V9010', 'S5020', 'S5040', 'V9015', 'V9004', 'V9003', 'B1740', 'N6002', 'G1051', 'M1204', 'G1061', 'B1743', 'V9019', 'M1202', 'V9005', 'B1779', 'G1017', 'M1201', 'G1021', 'S5033', 'N6009', 'N6006', 'B1742', 'S5017', 'G1022', 'V9023', 'N6005', 'V9006', 'V9014', 'S5050', 'N6007', 'S5025', 'V9021', 'S5003', 'M1208', 'S5037', 'S5011', 'B1784', 'S5036', 'S5010', 'S5005', 'S5027', 'V9007', 'S5002', 'G1032', 'S5043', 'V9008', 'G1054', 'N6001', 'B1729', 'G1039', 'S5047', 'S5019', 'M1205', 'B1790', 'V9002', 'B1782', 'S5007', 'S5035', 'V9016', 'G1023', 'G1055', 'S5015', 'B1781', 'G1059', 'N6004', 'G1053', 'G1064', 'B1741', 'B1736', 'M1206', 'B1727', 'B1789', 'S5041', 'S5024', 'B1786', 'B1794', 'S5018', 'V9018', 'B1739', 'G1067', 'B1792', 'V9020', 'B1733', 'G1028']","(130232.33500000002, 89378.07000000002, 40854.26500000001)",54529554480.00001,69866364160.0,0.7804836438192579
"['S5031', 'S5029', 'G1030', 'B1735', 'S5016', 'G1056', 'S5032', 'S5008', 'G1019', 'V9013', 'G1050', 'S5022', 'S5046', 'G1031', 'V9001', 'S5049', 'G1034', 'S5012', 'G1020', 'S5045', 'V9025', 'M1207', 'S5030', 'V9011', 'G1024', 'B1738', 'B1787', 'B1783', 'S5004', 'B1734', 'G1018', 'S5001', 'G1065', 'B1788', 'S5014', 'S5009', 'B1737', 'S5044', 'G1063', 'S5048', 'B1728', 'V9026']","(43211.8, 20704.4, 22507.399999999998)",18172954580.0,23245731479.999996,0.7817759830717962
"['S5023', 'N6003', 'G1027', 'S5038', 'G1057', 'G1026', 'G1029', 'G1062', 'G1058', 'V9022', 'S5039', 'B1793', 'G1066', 'S5006', 'V9017', 'S5021', 'G1060', 'V9009', 'B1732', 'G1025', 'B1780', 'B1791', 'B1795', 'S5028', 'V9012', 'S5013', 'B1777', 'V9027', 'G1068']","(24355.489999999998, 2173.77, 22181.719999999998)",10674264390.0,13003492960.0,0.8208767000401406
