item_complex,Total_volume,Total_Money,Total_Best_Money,Money_percent
"['S5034', 'N6002', 'G1019', 'B1736', 'V9005', 'N6008', 'B1784', 'S5032', 'M1205', 'B1733', 'V9010', 'B1794', 'V9023', 'B1786', 'N6009', 'B1727', 'B1735', 'N6006', 'S5005', 'B1739', 'B1793', 'B1790', 'V9020', 'S5028', 'M1207', 'S5021', 'S5044', 'G1033', 'G1058', 'V9019', 'B1741', 'V9009', 'S5045', 'G1061', 'B1776', 'B1782', 'S5030', 'S5019', 'B1729', 'N6007', 'G1032', 'V9004', 'V9011', 'V9006', 'B1781', 'S5016', 'S5015', 'G1059', 'S5002', 'V9022', 'G1020', 'N6003', 'M1202', 'V9014', 'V9007', 'G1066', 'B1785', 'G1060', 'S5035', 'V9016', 'S5049', 'S5037', 'S5027', 'B1732', 'B1742', 'B1743', 'G1051', 'S5010', 'N6004', 'V9002', 'B1777', 'B1792', 'V9026', 'G1054', 'G1055', 'S5025', 'S5009', 'B1731', 'G1018', 'B1795', 'S5048', 'V9025', 'G1028', 'V9003', 'S5003', 'N6005', 'S5006', 'V9008', 'B1789', 'G1065', 'M1201', 'S5024', 'G1057', 'G1053', 'N6001', 'V9027', 'B1738', 'V9018']","(134576.135, 93087.6, 41488.53500000001)",56392083200.0,70840532040.0,0.7960426266725141
"['S5031', 'M1204', 'B1783', 'G1064', 'S5046', 'B1787', 'G1050', 'S5040', 'V9012', 'G1034', 'S5001', 'B1734', 'S5020', 'B1791', 'V9024', 'G1023', 'S5014', 'M1203', 'S5007', 'S5050', 'V9017', 'G1025', 'B1780', 'S5036', 'G1022', 'S5018', 'S5033', 'G1068', 'G1039', 'M1208', 'S5008', 'G1067', 'S5022', 'B1728']","(36746.86499999999, 18115.64, 18631.224999999995)",16104452440.0,20472454680.0,0.786640033729458
"['S5023', 'G1017', 'B1779', 'S5013', 'G1024', 'B1740', 'S5043', 'S5017', 'S5029', 'V9021', 'G1030', 'B1788', 'S5047', 'G1029', 'G1062', 'G1031', 'G1063', 'S5042', 'S5012', 'V9015', 'S5039', 'G1056', 'G1052', 'S5038', 'V9001', 'S5026', 'M1206', 'B1778', 'B1737', 'S5041', 'G1026', 'B1730', 'V9013', 'S5011', 'G1021', 'G1027', 'S5004']","(26476.624999999996, 1053.0, 25423.624999999996)",11053054399.999998,14802601879.999998,0.7466967286969958
