item_complex,Total_volume,Total_Money,Total_Best_Money,Money_percent
"['S5034', 'B1795', 'M1207', 'V9003', 'V9025', 'S5024', 'M1202', 'B1780', 'G1030', 'G1055', 'V9012', 'S5003', 'G1017', 'S5026', 'G1033', 'M1201', 'V9008', 'V9005', 'S5041', 'N6008', 'M1205', 'S5011', 'B1742', 'B1733', 'N6001', 'G1028', 'B1776', 'B1727', 'V9004', 'V9023', 'G1022', 'N6002', 'B1734', 'V9002', 'V9010', 'S5033', 'S5037', 'B1792', 'G1054', 'G1061', 'G1066', 'S5040', 'S5044', 'N6004', 'V9019', 'S5046', 'B1783', 'S5045', 'G1053', 'B1735', 'S5006', 'B1785', 'S5019', 'B1791', 'G1025', 'B1737', 'G1068', 'N6009', 'S5005', 'S5032', 'V9027', 'V9014', 'S5004', 'S5047', 'G1034', 'V9020', 'G1019', 'V9006', 'G1023', 'B1784', 'V9017', 'S5036', 'N6005', 'M1208', 'M1204', 'S5049', 'V9018', 'S5014', 'B1782', 'V9011', 'V9009', 'V9022', 'G1026', 'G1062', 'G1067', 'S5007', 'G1031', 'B1736', 'S5030', 'N6007', 'N6006', 'S5002', 'G1032', 'G1057', 'V9026', 'S5042', 'B1731', 'S5018', 'S5029', 'G1064']","(141030.81, 96721.94499999999, 44308.865000000005)",60091797920.0,74998736760.0,0.801237467669582
"['S5031', 'G1059', 'B1728', 'S5027', 'G1050', 'S5021', 'G1065', 'S5020', 'B1729', 'G1020', 'G1027', 'B1781', 'S5035', 'S5001', 'S5050', 'M1203', 'S5048', 'S5008', 'S5016', 'N6003', 'S5017', 'G1052', 'B1794', 'B1740', 'S5025', 'B1741', 'G1058', 'G1060', 'B1730', 'B1786', 'S5038', 'S5039', 'G1018']","(30661.4, 14481.295, 16180.105000000001)",12966240940.0,17003806559.999998,0.7625493088413493
"['S5023', 'B1787', 'B1738', 'S5043', 'M1206', 'B1739', 'B1777', 'V9021', 'B1778', 'G1063', 'V9024', 'B1743', 'G1024', 'B1788', 'S5015', 'G1056', 'S5022', 'S5012', 'V9001', 'V9015', 'S5010', 'S5028', 'G1051', 'V9016', 'S5013', 'G1039', 'B1732', 'B1789', 'G1029', 'V9007', 'G1021', 'B1779', 'S5009', 'B1793', 'V9013', 'B1790']","(26107.415000000005, 1053.0, 25054.415000000005)",11111532840.0,14113045280.000002,0.787323544957832
