item_complex,Total_volume,Total_Money,Total_Best_Money,Money_percent
"['S5034', 'S5024', 'V9016', 'B1735', 'V9021', 'M1208', 'G1022', 'G1066', 'B1739', 'M1201', 'B1790', 'B1727', 'S5035', 'S5048', 'V9002', 'B1785', 'N6008', 'S5026', 'V9010', 'G1021', 'B1782', 'N6003', 'S5003', 'S5016', 'B1742', 'G1064', 'B1732', 'G1050', 'G1027', 'B1776', 'S5044', 'S5050', 'M1205', 'M1202', 'G1053', 'B1779', 'G1065', 'G1019', 'B1731', 'G1025', 'M1206', 'S5046', 'S5030', 'G1058', 'S5036', 'B1729', 'S5049', 'G1017', 'V9018', 'V9015', 'G1061', 'N6001', 'V9019', 'B1793', 'B1783', 'B1733', 'G1032', 'M1207', 'G1029', 'V9005', 'S5002', 'S5029', 'G1063', 'G1052', 'B1737', 'V9025', 'S5008', 'B1787', 'S5022', 'S5039', 'V9003', 'S5041', 'G1020', 'G1057', 'S5038', 'M1203', 'S5011', 'G1054', 'S5005', 'G1051', 'G1028', 'G1033', 'G1055', 'B1730', 'G1060', 'S5042', 'G1059', 'V9017', 'V9013', 'G1039', 'G1031', 'S5012', 'N6006', 'G1026', 'S5009', 'V9023', 'S5010', 'S5020', 'S5037', 'S5015', 'B1795', 'S5045', 'S5028', 'G1030']","(127928.46499999998, 74131.70999999998, 53796.755000000005)",54800514379.99999,68548844319.99999,0.7994374657022665
"['S5031', 'G1024', 'G1023', 'V9012', 'V9024', 'S5006', 'N6002', 'B1740', 'V9009', 'B1736', 'B1743', 'V9008', 'B1791', 'V9026', 'B1728', 'S5018', 'S5014', 'M1204', 'G1018', 'B1781', 'B1777', 'B1778', 'V9004', 'S5013', 'G1068', 'S5001', 'V9020', 'B1788', 'B1784']","(35824.785, 21087.190000000002, 14737.595)",14333693070.0,18803370040.0,0.762293835600121
"['S5023', 'N6004', 'V9027', 'B1792', 'V9014', 'S5040', 'B1734', 'S5025', 'V9011', 'N6005', 'S5047', 'S5033', 'G1034', 'S5017', 'S5021', 'B1780', 'B1794', 'N6009', 'G1056', 'N6007', 'B1786', 'B1738', 'B1789', 'B1741', 'S5032', 'S5027', 'G1062', 'V9007', 'S5019', 'S5004', 'S5007', 'V9022', 'V9006', 'S5043', 'G1067', 'V9001']","(34046.375, 17037.34, 17009.034999999996)",15037519450.0,18763374240.000004,0.8014293835243569
