item_complex,Total_volume,Total_Money,Total_Best_Money,Money_percent
"['S5034', 'B1735', 'G1026', 'B1736', 'V9026', 'V9021', 'N6003', 'G1034', 'V9004', 'B1777', 'B1729', 'B1728', 'S5037', 'S5047', 'B1779', 'B1782', 'B1789', 'S5045', 'G1066', 'G1032', 'G1058', 'S5032', 'S5019', 'N6009', 'B1780', 'V9008', 'M1208', 'V9010', 'S5018', 'G1054', 'S5020', 'M1201', 'V9002', 'S5002', 'V9016', 'G1065', 'B1792', 'N6008', 'G1052', 'N6002', 'B1743', 'V9024', 'V9005', 'S5038', 'G1064', 'M1206', 'M1205', 'V9006', 'G1018', 'G1062', 'V9003', 'G1057', 'B1784', 'B1734', 'B1783', 'S5008', 'G1028', 'V9023', 'G1022', 'G1056', 'G1017', 'S5005', 'S5039', 'S5009', 'B1733', 'S5048', 'G1051', 'G1031', 'S5015', 'N6007', 'S5033', 'S5013', 'S5016', 'G1050', 'V9018', 'B1781', 'S5046', 'S5022', 'M1204', 'S5044', 'B1793', 'S5040', 'N6004', 'S5025', 'V9013', 'G1060', 'S5007', 'G1033', 'S5027', 'S5011', 'B1727', 'V9027', 'V9012', 'V9017', 'S5004', 'S5024', 'S5043', 'G1019', 'N6006', 'M1203', 'G1027', 'B1791', 'B1742', 'B1738', 'G1067', 'S5041']","(139527.95500000002, 88539.325, 50988.630000000005)",59753017959.99999,74308868760.0,0.8041169103648724
"['S5031', 'G1059', 'S5012', 'B1785', 'G1029', 'B1730', 'N6001', 'G1061', 'S5036', 'S5035', 'V9022', 'B1794', 'S5028', 'S5030', 'B1731', 'B1776', 'B1795', 'B1787', 'M1207', 'V9020', 'N6005', 'G1023', 'B1741', 'S5029', 'S5014', 'S5050', 'V9011', 'G1039', 'G1063', 'G1068', 'S5003', 'G1024']","(38143.72, 23716.915, 14426.805)",16308239000.0,20952321560.000004,0.7783499767936932
"['S5023', 'S5049', 'V9001', 'S5026', 'V9025', 'B1737', 'G1053', 'G1055', 'V9007', 'B1790', 'V9009', 'S5006', 'B1786', 'B1778', 'G1025', 'S5010', 'G1021', 'G1020', 'G1030', 'M1202', 'S5001', 'S5042', 'S5021', 'S5017', 'B1732', 'V9015', 'V9019', 'V9014', 'B1739', 'B1740', 'B1788']","(20127.950000000008, 0, 20127.950000000008)",8301392060.000001,10854398280.000002,0.76479523285007
