item_complex,Total_volume,Total_Money,Total_Best_Money,Money_percent
"['S5034', 'V9026', 'V9009', 'N6004', 'B1785', 'M1204', 'B1792', 'N6002', 'N6009', 'M1205', 'B1787', 'B1730', 'V9020', 'S5017', 'V9002', 'G1019', 'M1208', 'B1784', 'N6003', 'N6005', 'G1050', 'B1790', 'N6008', 'V9021', 'B1733', 'M1203', 'G1065', 'S5043', 'B1781', 'M1201', 'V9004', 'S5019', 'S5007', 'M1207', 'G1052', 'M1202', 'S5024', 'B1734', 'S5048', 'B1736', 'V9022', 'B1729', 'G1021', 'S5020', 'S5046', 'B1728', 'B1791', 'G1053', 'S5006', 'S5027', 'S5044', 'G1026', 'S5038', 'S5029', 'S5015', 'G1066', 'B1738', 'B1795', 'G1055', 'V9012', 'B1732', 'M1206', 'V9003', 'S5050', 'B1731', 'V9014', 'S5016', 'B1794', 'S5012', 'V9015', 'G1032', 'S5040', 'G1067', 'V9010', 'G1056', 'S5036', 'G1017', 'S5001', 'G1068', 'B1793', 'B1786', 'S5008', 'B1783', 'S5013', 'B1789', 'V9027', 'V9006', 'G1039', 'G1033', 'B1780', 'V9023', 'B1740', 'S5009', 'V9008', 'S5018', 'S5002', 'B1727', 'S5033', 'V9016', 'G1063', 'B1782', 'S5035', 'G1022', 'B1735', 'B1737']","(140034.285, 94391.25, 45643.035)",58936822330.0,75237912520.0,0.7833394143455696
"['S5031', 'S5032', 'V9017', 'S5022', 'S5047', 'S5042', 'S5028', 'B1743', 'B1788', 'S5037', 'G1024', 'S5014', 'S5021', 'V9007', 'V9005', 'G1062', 'N6006', 'G1060', 'S5026', 'B1776', 'V9013', 'S5030', 'B1778', 'G1061', 'V9018', 'S5049', 'S5011', 'G1064', 'G1030', 'V9001', 'B1739', 'G1051', 'V9025', 'N6001', 'S5004', 'G1018', 'B1742', 'G1025', 'B1777', 'N6007', 'G1034']","(37574.555, 14869.789999999999, 22704.765000000003)",16123609469.999998,19836148640.0,0.8128397181641607
"['S5023', 'S5003', 'G1057', 'V9011', 'S5045', 'G1058', 'G1023', 'G1027', 'G1020', 'S5025', 'S5041', 'V9019', 'S5005', 'G1029', 'G1059', 'B1741', 'V9024', 'S5039', 'G1028', 'G1054', 'B1779', 'G1031', 'S5010']","(20190.785000000003, 2995.2, 17195.585000000003)",8452027760.000002,11041527440.0,0.7654763171063588
