item_complex,Total_volume,Total_Money,Total_Best_Money,Money_percent
"['S5034', 'S5046', 'G1064', 'B1735', 'B1733', 'N6009', 'G1019', 'B1736', 'M1208', 'G1051', 'V9017', 'B1782', 'S5045', 'V9005', 'B1794', 'S5035', 'G1017', 'N6005', 'N6007', 'V9003', 'B1788', 'S5013', 'M1204', 'B1776', 'B1784', 'V9018', 'G1050', 'N6003', 'B1731', 'S5037', 'G1020', 'M1205', 'G1063', 'S5036', 'G1032', 'B1786', 'V9020', 'S5020', 'B1783', 'S5029', 'S5028', 'N6006', 'G1068', 'S5024', 'B1795', 'V9012', 'V9015', 'S5019', 'S5010', 'S5014', 'V9013', 'V9014', 'B1792', 'B1727', 'N6004', 'G1059', 'S5007', 'B1781', 'S5001', 'M1206', 'S5002', 'S5041', 'G1022', 'N6002', 'G1066', 'V9021', 'V9008', 'G1054', 'B1742', 'S5004', 'B1793', 'B1729', 'M1201', 'S5030', 'G1053', 'G1062', 'V9027', 'S5016', 'G1052', 'G1028', 'G1067', 'G1027', 'G1033', 'S5033', 'B1789', 'S5040', 'V9022', 'V9023', 'S5042', 'S5012', 'N6001', 'S5026', 'B1743', 'V9009', 'B1790', 'G1024', 'S5050', 'V9004', 'B1730', 'B1777', 'V9001', 'S5022', 'M1202', 'G1026', 'S5044', 'V9025', 'S5047', 'G1065', 'B1732']","(147944.335, 95158.37999999999, 52785.954999999994)",63184324420.0,78641777080.0,0.8034447690026691
"['S5031', 'S5003', 'B1734', 'G1030', 'G1021', 'V9010', 'M1207', 'B1728', 'S5015', 'G1055', 'S5021', 'S5032', 'S5011', 'N6008', 'B1779', 'V9016', 'V9011', 'B1778', 'V9019', 'B1740', 'V9002', 'G1034', 'S5005', 'S5006', 'S5039', 'S5038', 'S5043', 'G1061', 'G1023', 'G1018', 'S5017']","(27758.04, 11396.68, 16361.360000000002)",11146979219.999998,15130255960.0,0.7367343453719073
"['S5023', 'B1737', 'B1785', 'B1791', 'G1058', 'V9024', 'S5025', 'S5048', 'V9006', 'V9007', 'B1739', 'G1039', 'M1203', 'V9026', 'B1741', 'S5009', 'G1025', 'G1057', 'G1056', 'B1738', 'S5049', 'B1780', 'S5027', 'S5018', 'G1060', 'G1029', 'B1787', 'S5008', 'G1031']","(22097.25, 5701.18, 16396.07)",9295043650.0,12343555560.0,0.7530280562045771
