item_complex,Total_volume,Total_Money,Total_Best_Money,Money_percent
"['S5034', 'S5029', 'M1203', 'G1033', 'V9006', 'B1733', 'M1208', 'S5035', 'N6001', 'M1205', 'B1736', 'V9004', 'G1054', 'B1735', 'S5044', 'N6003', 'V9015', 'S5021', 'V9012', 'B1730', 'B1787', 'G1031', 'B1734', 'S5015', 'V9023', 'G1068', 'V9011', 'N6007', 'N6002', 'S5002', 'V9021', 'M1207', 'V9025', 'S5043', 'S5046', 'V9020', 'B1783', 'G1058', 'G1026', 'G1064', 'B1743', 'B1727', 'B1742', 'S5026', 'B1784', 'B1778', 'B1738', 'N6005', 'S5037', 'B1780', 'G1061', 'G1023', 'G1019', 'B1792', 'G1034', 'M1206', 'G1062', 'M1202', 'G1063', 'V9008', 'S5039', 'B1786', 'V9009', 'B1777', 'S5024', 'V9013', 'S5049', 'S5022', 'G1021', 'V9026', 'M1201', 'N6009', 'B1731', 'G1057', 'S5013', 'S5036', 'V9002', 'B1739', 'S5016', 'V9001', 'G1024', 'V9005']","(116970.43, 80401.045, 36569.384999999995)",48690920460.00001,63355269959.99999,0.7685378105206011
"['S5031', 'B1790', 'V9019', 'G1051', 'S5030', 'S5001', 'G1030', 'S5019', 'B1785', 'S5017', 'S5032', 'N6008', 'N6004', 'G1060', 'N6006', 'G1055', 'B1740', 'S5041', 'S5033', 'G1067', 'G1020', 'S5009', 'S5006', 'S5027', 'G1052', 'S5010', 'S5007', 'B1776', 'G1027', 'G1066', 'S5040', 'S5045', 'V9022', 'S5025', 'V9027', 'B1781', 'B1789', 'S5011', 'M1204', 'S5005', 'S5028', 'G1017', 'B1729', 'G1022', 'S5014', 'B1793', 'S5042', 'S5038', 'V9016', 'G1029', 'B1728', 'B1782', 'G1056', 'S5004', 'B1779', 'G1059', 'V9018', 'S5008']","(57762.05500000001, 26547.174999999996, 31214.880000000016)",25872918180.0,30499437320.0,0.8483080493761712
"['S5023', 'G1053', 'V9010', 'B1788', 'B1732', 'S5003', 'S5012', 'B1791', 'S5018', 'S5020', 'V9003', 'B1794', 'G1065', 'V9014', 'S5048', 'V9017', 'B1741', 'G1032', 'B1737', 'B1795', 'V9024', 'S5050', 'G1018', 'G1050', 'S5047', 'G1039', 'G1025', 'G1028', 'V9007']","(23067.14, 5308.02, 17759.12)",9424060660.0,12260881320.0,0.7686283240200223
